# Oregon Department of Consumer and Business Services (DCBS), Division of Financial Regulation — Data Broker Registry snapshot
# Source page: https://dfr.oregon.gov/business/licensing/data-broker-registry/Pages/index.aspx
# Search / download page: https://www4.cbs.state.or.us/exs/all/mylicsearch/index.cfm?fuseaction=main.show_main&group_id=20&profession_id=28&profession_sub_id=28000
# Source file: https://www4.cbs.state.or.us/ex/shared/downtemp/dfcs_db_optout.csv ('Data Broker Opt Out Methods' report; Last-Modified: Wed, 07 Oct 2026 05:01:05 GMT; sha256 cc5f9ac1ed43ea09599ce55ea6d6a8ae8690af71136c161f922dfce739d8c0f6)
# Licence list: https://www4.cbs.state.or.us/ex/shared/downtemp/dfcs_db.txt (Last-Modified: Wed, 07 Oct 2026 05:00:51 GMT; sha256 2cc8ba587db88cda44a168de0cb736a46afbfc895ae36329579131812c18f4eb) — every row below holds a licence in that file, all expiring 2026-12-31.
# Retrieved: 2026-10-07
# Completeness: complete — all 390 rows of the official opt-out methods report (390 licences).
# Columns kept (verbatim, values trimmed): licence no., facility name, DBA, update date, opt-out email, opt-out website, additional website.
# Dropped: opt-out street address, phone, other methods, narrative. The registry has no 'primary website' field, so the importer
# only uses website hosts on the filed opt-out email's domain as the broker's domain (opt-out sites are often third-party portals).
# Refresh once per release: download both files again, regenerate this snapshot with the same columns, then run
# `npx tsx scripts/import-state-registries.ts`. Never edit rows by hand.
"LICENSE NO.","FACILITY NAME","DOING BUSINESS AS","UPDATE DATE","OPT OUT EMAIL","OPT OUT WEBSITE","ADDITIONAL WEBSITE"
"DATA-00009","Crunchbase Inc","Crunchbase","01/03/2025","privacy@crunchbase.com","Crunchbase.com",""
"DATA-00010","DEALERDIRECT LLC","FordDirect","11/07/2025","dprivacy@forddirect.com","forddirectprivacy.com",""
"DATA-00011","Deloitte Consulting LLP","Deloitte Consulting LLP","12/16/2025","","datasubject.deloitte.com",""
"DATA-00012","HealthWise Data LLC","HealthWise Data","11/14/2025","privacy@healthwisedata.com","healthwisedata.com",""
"DATA-00013","LEAD INTELLIGENCE INC","Verisk Marketing Solutions","12/18/2024","N/A","marketing.verisk.com/privacy-center/",""
"DATA-00015","UPS Capital Corporation","UPS Capital","12/10/2025","UPSCapitalITPrivacy@ups.com","https://upscapital.com/opt-out/",""
"DATA-00016","EXPERIAN MARKETING SOLUTIONS LLC","EXPERIAN MARKETING SOLUTIONS LLC","12/02/2025","optout@experian.com","consumerprivacy.experian.com","N/A"
"DATA-00017","EXPERIAN INFORMATION SOLUTIONS INC","EXPERIAN INFORMATION SOLUTIONS INC","12/02/2025","optout@experian.com","https://consumerprivacy.experian.com","N/A"
"DATA-00018","EXPERIAN HEALTH INC","EXPERIAN HEALTH INC","12/03/2025","optout@experian.com","consumerprivacy.experian.com","N/A"
"DATA-00019","LEXISNEXIS RISK SOLUTIONS FL INC","LexisNexis Risk Solutions","12/30/2024","consumer.documents@lexisnexisrisk.com","risk.lexisnexis.com",""
"DATA-00020","Foursquare Labs Inc","Foursquare Labs Inc","12/09/2025","privacy@foursquare.com","www.foursquare.com",""
"DATA-00021","Compact Information Systems LLC","AccuData Integrated Marketing","12/02/2025","privacy.compliance@accudata.com","www.accudata.com","https://deepsync.com/privacy-policy/"
"DATA-00022","Compact Information Systems LLC","ASL Marketing","12/11/2024","privacy.compliance@deepsync.com","www.deepsync.com",""
"DATA-00023","Compact Information Systems LLC","Deep Sync","12/02/2025","privacy.compliance@deepsync.com","www.deepsync.com",""
"DATA-00024","Compact Information Systems LLC","HomeData","12/02/2025","privacy.compliance@deepsync.com","www.deepsync.com",""
"DATA-00026","DEFINITIVE HEALTHCARE LLC","Populi, LLC","12/17/2024","privacy@definitivehc.com","definitivehc.com",""
"DATA-00028","MINERVA BI INC","Minerva","12/31/2025","","https://preferences.minerva.io/","minerva.io"
"DATA-00029","ACXIOM LLC","ACXIOM LLC","12/01/2025","askprivacy@acxiom.com","acxiom.com",""
"DATA-00030","TRANS UNION LLC","TRANS UNION LLC","12/23/2025","","www.optoutprescreen.com","https://www.transunion.com/consumer-privacy"
"DATA-00031","NEUSTAR INC","NEUSTAR INC","12/23/2025","","https://www.transunion.com/privacy/neustar",""
"DATA-00032","Merkle Inc","Merkle Inc","11/20/2025","dpous@merkleinc.com","www.merkle.com",""
"DATA-00034","BLACKBAUD INC","BLACKBAUD INC","02/08/2024","privacy@blackbaud.com","www.blackbaud.com",""
"DATA-00036","LUSHA SYSTEMS INC.","LUSHA SYSTEMS INC.","12/02/2025","privacy@lusha.com","www.lusha.com","N/A"
"DATA-00037","NUWBER INC","NO","12/12/2024","support@nuwber.com","https://nuwber.com",""
"DATA-00039","BUILDERTREND SOLUTIONS INC","Buildertrend","12/13/2025","privacy@buildertrend.com","buildertrend.com",""
"DATA-00040","THROTLE INC","THROTLE INC","12/29/2025","privacy@throtle.io","https://www.throtle.io",""
"DATA-00041","CHOREOGRAPH LLC","CHOREOGRAPH LLC","02/16/2024","privacy@choreograph.com","cpp.choreograph.com",""
"DATA-00042","DUN & BRADSTREET INC","DUN & BRADSTREET INC","02/21/2024","privacyofficer@dnb.com","www.dnb.com",""
"DATA-00044","EDVISORS NETWORK INC","EDVISORS NETWORK INC","02/26/2024","customerservice@edvisors.com","www.edvisors.com",""
"DATA-00045","INTERACTIVE DATA LLC","INTERACTIVE DATA LLC","01/29/2026","statebasedprivacy@ididata.com","ididata.com",""
"DATA-00046","PATH2RESPONSE LLC","Path2Response","12/26/2024","privacy@path2response.com","www.path2response.com",""
"DATA-00047","SNOVIO INC","SNOVIO INC","12/22/2025","help@snov.io","snov.io",""
"DATA-00048","VALASSIS COMMUNICATIONS INC","VALASSIS COMMUNICATIONS INC","12/08/2025","valassisprivacy.request@rrd.com","https://rrd.com","https://privacyportal.onetrust.com/webform/45e4be25-919b-483f-9f95-12809576a2b3/6e633594-9a81-48bb-97ab-6fb29bf46019"
"DATA-00049","PropertyRadar Inc","PropertyRadar Inc","11/06/2025","privacy@propertyradar.com","www.propertyradar.com","https://privacyportal.onetrust.com/webform/c3eb779a-028a-4045-aefc-ac78be730689/6f6c2bef-b565-4753-adc6-95585d7a9486"
"DATA-00050","JD POWER A CORPORATION OF DELAWARE","J.D. Power","12/25/2024","jdpowerprivacy@jdpa.com","www.jdpower.com",""
"DATA-00053","Spokeo Inc","Freepeopledirectory, Thatsthem, peoplewin.","12/30/2024","customercare@spokeo.com","www.spokeo.com",""
"DATA-00054","Connected Investors LLC","Connected Investors LLC","01/20/2026","dataprivacy@connectedinvestors.com","www.connectedinvestors.com",""
"DATA-00059","First Orion Corp","FIRST ORION CORP","12/11/2024","ccparequests@firstorion.com","www.firstorion.com",""
"DATA-00060","DIGITAL VIKING MEDIA INC","Digital Viking Media Inc","08/11/2025","privacy@digitalvikingmedia.com","www.digitalvikingmedia.com",""
"DATA-00061","PEOPLEFINDERS LLC","PEOPLEFINDERS LLC","12/22/2025","","https://www.peoplefinders.com/opt-out","https://www.peoplefinders.com/dashboard/account/delete"
"DATA-00063","PROPERTY REACH L.P.","PROPERTY REACH L.P.","11/21/2025","","https://www.propertyreach.com/privacy-rights",""
"DATA-00064","EPSILON DATA MANAGEMENT LLC","EPSILON DATA MANAGEMENT LLC","12/17/2025","not applicable","https://legal.epsilon.com/dsr/",""
"DATA-00065","ENFORMION LLC","Tracers.com; Enformion; Endato.com","11/20/2025","","https://www.enformion.com/opt-out/",""
"DATA-00066","People Data Labs Inc","People Data Labs Inc","01/02/2026","privacy@peopledatalabs.com","www.peopledatalabs.com",""
"DATA-00068","BEEN VERIFIED LLC","www.beenverified.com","01/28/2026","privacy@beenverified.com","https://www.beenverified.com/svc/optout/search/comprehensive_optouts","www.beenverified.com/faq/privacy/"
"DATA-00069","TRUTHFINDER LLC","TruthFinder","12/31/2025","privacy@truthfinder.com","TruthFinder.com",""
"DATA-00070","INSTANT CHECKMATE LLC","InstantCheckmate.com","12/19/2025","privacy@instantcheckmate.com","InstantCheckmate.com",""
"DATA-00071","INTELIUS LLC","Intelius, US Search & US Search Pro","12/23/2025","support@mailer.intelius.com","Intelius.com","USSearch.com, Pro.USSearch.com"
"DATA-00072","LIVERAMP HOLDINGS INC","LIVERAMP HOLDINGS INC","06/05/2024","N/A","www.liveramp.com/opt_out/",""
"DATA-00073","M & R STRATEGIC SERVICES INC","N/A","01/09/2025","PRIVACY@MRSS.COM","https://docs.google.com/forms/d/e/1FAIpQLSefr7ccty1bMZza8chUgLe0eWktBpQ_wGhzFpzeUupGlna3CA/viewform",""
"DATA-00074","SOCIAL CATFISH LLC","SOCIAL CATFISH LLC","10/28/2024","CCPARequest@socialcatfish.com","socialcatfish.com",""
"DATA-00075","RELX INC","LexisNexis","04/16/2024","privacy.inquiries@lexisnexis.com","www.lexisnexis.com",""
"DATA-00076","ALLIANT COOPERATIVE DATA SOLUTIONS LLC","ALLIANT COOPERATIVE DATA SOLUTIONS LLC","11/12/2025","compliance@alliantdata.com","https://alliantinsight.com",""
"DATA-00077","ZOOMINFO TECHNOLOGIES LLC","ZOOMINFO TECHNOLOGIES LLC","12/18/2025","privacy@zoominfo.com","https://www.zoominfo.com/trust-center/your-privacy",""
"DATA-00078","SIMIO CLOUD LLC","SIMIO CLOUD LLC","04/10/2024","","www.simiocloud.com/optout",""
"DATA-00081","ANCHOR COMPUTER INC","ANCHOR COMPUTER INC","09/24/2026","privacyteam@anchorcomputer.com","https://ecom2.anchorcomputer.com/ccpa",""
"DATA-00082","S&P GLOBAL INC","R.L.POLK & COMPANY","12/16/2025","Privacy@spglobal.com","https://privacyportal.onetrust.com/webform/5cb57702-8ef7-437e-a62b-408fe78cd310/93391c3d-d6c8-45b1-a169-39a0b7f9fb74","https://privacyportal.onetrust.com/webform/5cb57702-8ef7-437e-a62b-408fe78cd310/draft/78fa28ce-6010-42fa-96b5-28d8837492e3"
"DATA-00084","FRAISER LLC","FRAISER LLC","01/08/2025","","https://fraiser.org/",""
"DATA-00087","DATA AXLE INC","Data Axle, Donorbase, Inc.","12/10/2025","privacyteam@data-axle.com","https://www.data-axle.com",""
"DATA-00091","VEEVA SYSTEMS INC","Veeva Systems Inc.","12/04/2025","","veeva.com/privacy",""
"DATA-00092","DATAMENTORS LLC","Porch Group Media","01/03/2025","privacy@porchgroupmedia.com","www.porchgroupmedia.com",""
"DATA-00093","Deloitte Financial Advisory Services LLP","Deloitte Financial Advisory Services LLP","12/16/2025","","datasubject.deloitte.com",""
"DATA-00094","CTAM LEADSHARE CORP","CTAM LEADSHARE CORP","11/10/2025","compliance@ctam.com","www.smartmove.us","www.ctam.com"
"DATA-00095","DATA PARTNERS INC","DATA PARTNERS INC","11/05/2025","N/A","https://datapartners.com/donotsellmyinformation/","N/A"
"DATA-00096","ANALYTICSIQ INC","ANALYTICSIQ INC","12/02/2024","privacy@analyticsiq.com","https://privacyportal.onetrust.com/webform/f6a59500-f900-4652-b030-0cd51afe15a5/87ca07e4-e06c-4ad8-9aa6-ccbbaa8750c1",""
"DATA-00097","CLICKAGY LLC","CLICKAGY LLC","12/18/2025","privacy@clickagy.com","https://www.clickagy.com/privacy-center/",""
"DATA-00098","DATANYZE LLC","Datanyze LLC","12/18/2025","privacy@datanyze.com","https://www.datanyze.com/privacy-center",""
"DATA-00099","DATALINE INC","DATALINE INC","11/27/2024","PRIVACY.OFFICER@DATALINEDATA.COM","WWW.DATALINEDATA.COM",""
"DATA-00100","SHEERID INC","SheerID","11/03/2025","privacy@sheerid.com","https://www.sheerid.com/global-privacy-policy/","https://lp.sheerid.com/Preference-Center.html"
"DATA-00101","VERASET LLC","Veraset","11/06/2025","privacy@veraset.com","https://veraset.com","https://www.veraset.com/privacy-policy"
"DATA-00102","STATARA SOLUTIONS LLC","STATARA SOLUTIONS LLC","01/05/2026","","https://statara.com/privacy/",""
"DATA-00103","ARISTOTLE INTERNATIONAL INC","ARISTOTLE INTERNATIONAL INC","05/13/2024","","https://www.aristotle.com/privacy/do-not-sell-my-personal-info/",""
"DATA-00105","HEARTBEAT.AI INC","HEARTBEAT.AI INC","04/17/2025","contact@heartbeat.ai","https://www.heartbeat.ai/optout",""
"DATA-00106","DECIDE TECHNOLOGIES INC","Decide","12/23/2024","privacy@decide.co","decide.co",""
"DATA-00107","LEAD411 CORPORATION","LEAD411 CORPORATION","12/01/2025","lead411_privacy@l4mail.com","https://www.lead411.com/your-privacy-choices/",""
"DATA-00108","THE ALESCO GROUP LLC","RESPONSE SOLUTIONS GROUP LLC, STAT RESORCE GROUP INC","05/21/2024","info@alescodata.com","https://alescodata.com/do-not-sell-my-personal-information/",""
"DATA-00110","FIDEO INTELLIGENCE INC","FIDEO INTELLIGENCE INC","11/05/2025","privacy@fideo.ai","https://app.fideo.ai/your-privacy-choices",""
"DATA-00111","MELISSA DATA CORPORATOIN","Melissa","05/22/2024","ConsumerRequest@melissa.ccm","https://www.melissa.com/state-law-privacy-notice",""
"DATA-00112","VERSIUM ANALYTICS INC","VERSIUM ANALYTICS INC","12/09/2024","optout@versium.com","https://versium.com/ccpa-opt-out","https://versium.com/ccpa-opt-out"
"DATA-00113","NFOCUS CONSULTING INC","NFOCUS CONSULTING INC","12/12/2024","consumer@n-focus.com","www.n-focus.com",""
"DATA-00115","AUSTIN CONSOLIDATED HOLDINGS INC","AUSTIN CONSOLIDATED HOLDINGS INC","05/22/2024","usprivacy@equifax.com","https://myprivacy.equifax.com/opt-in-opt-out/personal-info",""
"DATA-00118","IXI CORPORATION","IXI CORPORATION","05/22/2024","usprivacy@equifax.com","https://myprivacy.equifax.com/opt-in-opt-out/personal-info",""
"DATA-00119","KNOWLEDGE WORKS INC","PayNet","05/22/2024","usprivacy@equifax.com","https://myprivacy.equifax.com/opt-in-opt-out/personal-info","https://sbinsights.paynetonline.com/why-register/"
"DATA-00120","EQUIFAX INFORMATION SERVICES LLC","EQUIFAX INFORMATION SERVICES LLC","05/22/2024","usprivacy@equifax.com","https://myprivacy.equifax.com/opt-in-opt-out/personal-info",""
"DATA-00122","ANTERIAD LLC","ANTERIAD LLC","12/30/2025","privacy@anteriad.com","https://anteriad.com/privacy-policy","https://anteriad.com/"
"DATA-00124","CATALIST LLC","CATALIST LLC","05/23/2024","privacy@catalist.us","https://catalist.us/privacy-policy/","www.catalist.us/your-privacy-choices"
"DATA-00125","CUEBIQ GROUP LLC","CUEBIQ GROUP LLC","05/23/2024","privacy@cuebiq.com","www.cuebiq.com",""
"DATA-00126","ACH ADDRESS CLEARING HOUSE LLC","ACH, Address Clearing House","12/12/2025","privacy@achcoop.com","achcoop.com",""
"DATA-00129","BLACK PEARL GROUP LLC","BLACK PEARL GROUP LLC","12/18/2025","","https://www.blackpearl.com/your-privacy-choices",""
"DATA-00130","SEAMLESS CONTACTS INC","SEAMLESS CONTACTS INC","12/12/2025","privacy@seamlessleads.com","https://preferences.seamless.ai/",""
"DATA-00131","US DATA CORPORATION","US DATA CORPORATION","01/07/2025","","https://www.usdatacorporation.com/opt-out",""
"DATA-00132","WHITEPAGES INC","Whitepages","05/23/2024","","https://www.whitepages.com/suppression-requests",""
"DATA-00133","CARRY TECHNOLOGIES INC","Hightouch","06/12/2024","legal@hightouch.com","www.hightouch.com","www.hightouch.io"
"DATA-00134","AZIRA LLC","Azira LLC","10/30/2024","privacy@azira.com","www.azira.com","https://preferences-mgr.truste.com/"
"DATA-00135","SPEEDEON DATA LLC","Speedeon Data LLC","12/30/2025","https://optout.speedeondata.com/","speedeondata.com","https://optout.speedeondata.com/"
"DATA-00137","GIANT PARTNERS INC","List Giant","12/03/2024","sheldon@giantpartners.com","https://giantpartners.com/",""
"DATA-00138","I360 LLC","I360, LLC","12/31/2025","privacy@i-360.com","https://www.i-360.com","https://privacyportal.onetrust.com/webform/77dff651-9f08-40cd-99fe-a7c487b2504d/7211c3b3-750a-4422-8ccb-3dab5b4ec36c"
"DATA-00142","WINDFALL DATA INC","WINDFALL DATA INC","01/08/2025","privacy@windfall.com","https://www.windfall.com/do-not-sell-my-info",""
"DATA-00143","DTN LLC","DTN LLC","12/05/2025","","www.dtn.com",""
"DATA-00145","SEMASIO INC","SEMASIO INC","01/06/2025","privacy@semasio.com","https://www.semasio.com/legal/privacy-choices","https://www.semasio.com/legal/semasio-privacy-policy"
"DATA-00146","TASK GENIE INC","DataLane","01/02/2026","admin@datalane.com","",""
"DATA-00147","LEADSPACE INC","Leadspace","06/11/2024","compliance_privacy@leadspace.com","https://www.leadspace.com/do-not-sell-form/","https://www.leadspace.com"
"DATA-00148","PUBLICNSA LLC DBA BIGDBM","BIGDBM","11/05/2025","privacy@bigdbm.com","https://bigdbm.com/privacy-policy/",""
"DATA-00150","LABELS & LISTS INC","LABELS & LISTS INC","11/04/2025","privacy@l2political.com","https://l2-data.com/","https://l2-data.com/sslo986363-opt-1-1-o/"
"DATA-00151","MAXMIND INC","MaxMind, Inc.","01/02/2026","privacy@maxmind.com","https://www.maxmind.com/en/opt-out","https://support.maxmind.com/hc/en-us/articles/4409074791195-Data-Privacy-Requests"
"DATA-00152","EREPUBLIC LLC","e.Republic LLC","11/03/2025","privacy@erepublic.com","https://www.erepublic.com/",""
"DATA-00153","HIRETEAMMATE INC","HIRETEAMMATE INC","12/03/2025","privacy@hireez.com","https://app.hireez.com/ownyourdata","https://hireez.com/"
"DATA-00154","GUIDESTAR DIRECT CORP","GUIDESTAR DIRECT CORP","06/11/2024","privacy@carneydirect.com","www.carneydirect.com",""
"DATA-00156","MEDIAWALLAH INC","MEDIAWALLAH INC","12/14/2024","privacy@mediawallah.com","www.mediawallah.com",""
"DATA-00158","A DIRECT MARKETING INC","Bookyourdata","01/05/2026","data@bookyourdata.com","https://www.bookyourdata.com",""
"DATA-00159","ORGIO INC","The Org","12/30/2025","privacy@theorg.com","https://theorg.com/","https://theorg.com/privacy"
"DATA-00160","TABOOLA INC","TABOOLA INC","02/03/2026","privacy@taboola.com","www.taboola.com","https://www.taboola.com/policies/privacy-policy#users"
"DATA-00162","ATDATA LLC","ATDATA LLC","06/20/2024","privacy@atdata.com","https://instantdata.atdata.com/optout",""
"DATA-00163","REVEAL MOBILE INC","REVEAL MOBILE INC","02/19/2026","optout@revealmobile.com","www.revealmobile.com/ccpa/",""
"DATA-00165","LEADIQ INC","LEADIQ INC","06/20/2024","privacy@leadiq.com","www.leadiq.com",""
"DATA-00166","SWORDFISH AI INC","Swordfish","11/05/2024","contact@swordfish.ai","www.swordfish.ai/Optout",""
"DATA-00167","PRECISELY SOFTWARE INCORPORATED","Precisely","11/30/2025","privacy@precisely.com","https://www.precisely.com/legal/privacy-policy/your-privacy-choices","https://privacyportal-eu.onetrust.com/webform/d88b298e-1f7e-420f-949c-fedc475c1e77/76c6760e-585b-4042-b39b-cbe8cd7f6694"
"DATA-00168","PUBMATIC INC","PUBMATIC INC","12/18/2025","pubmaticprivacy@pubmatic.com or privacy@pubmatic.com or dpo@pubmatic.com","https://pubmatic.com/legal/dsr-notice/","https://pubmatic.com/legal/dsr-notice/"
"DATA-00169","PIPL INC","PIPL INC","06/28/2024","privacy@pipl.com","pipl.com","https://pipl.com/personal-information-removal-request"
"DATA-00171","TECHTARGET INC","TECHTARGET INC","12/05/2025","privacy@techtarget.com","https://www.informatechtarget.com/privacy-policy/","https://techtarget.zendesk.com/hc/en-us/requests/new?ticket_form_id=360004846253"
"DATA-00172","EXACT OPCO LLC","Exact Opco, LLC (dba Exact Customer)","09/10/2024","Billing@exactcustomer.com","Exactcustomer.com",""
"DATA-00173","POSTIE INC","POSTIE INC","07/25/2024","info@postie.com","optout.postie.com/","postie.com"
"DATA-00175","DIGITAL MEDIA SOLUTIONS","DIGITAL MEDIA SOLUTIONS","06/27/2024","ConsumerInquiries@dmsgroup.com","dmsunsub.io",""
"DATA-00176","AUDIENCE ACUITY INC","Audience Acuity","11/27/2024","privacy@audienceacuity.com","https://audienceacuity.com/opt-out-of-database/","https://audienceacuity.com/privacy/"
"DATA-00177","MOBILEWALLA INC","Mobilewalla","06/28/2024","privacy@mobilewalla.com","https://www.mobilewalla.com/business-services-privacy-notice-2023",""
"DATA-00178","STEPPINGBLOCKS INC","STEPPINGBLOCKS INC","06/28/2024","","https://www.steppingblocks.com/personal-information-inquiry",""
"DATA-00180","T-MOBILE USA INC","T-MOBILE USA INC","12/23/2024","","https://www.t-mobile.com/dns",""
"DATA-00181","OUTLOGIC LLC","OUTLOGIC LLC","07/01/2024","privacy@outlogic.io","https://outlogic.io/opt-out-form/",""
"DATA-00182","MATCHBOOK DATA LLC","MATCHBOOK DATA LLC","07/01/2024","privacy@matchbookdata.com","https://www.matchbookdata.com/opt-out-form/",""
"DATA-00183","LEADPOST LLC","LeadPost LLC","07/01/2024","","https://client.leadpost.com/PrivacyRequest",""
"DATA-00184","PACIFIC EAST RESEARCH INC","PacificEast","01/02/2026","privacy@pacificeast.com","www.pacificeast.com",""
"DATA-00187","FOCUS USA","Focus USA","12/11/2025","privacy@focus-usa.com","https://www.focus-usa.com/optout-form/",""
"DATA-00188","CIVIS ANALYTICS INC","CIVIS ANALYTICS INC","01/05/2026","","https://www.civisanalytics.com/privacy-policy/supplemental-privacy-notice/","https://docs.google.com/forms/d/e/1FAIpQLSfvUYww9wEK9Y4F6VY3nQtm0bBS8QTdcDthet6WAKDYqnnwHA/viewform"
"DATA-00189","WILAND INC","WILAND INC","12/16/2025","","https://wiland.com/privacy-choices/#how-to-submit-privacy-choices",""
"DATA-00190","CISION US INC","CISION US INC","12/05/2025","Privacy@cision.com","https://portals.dporganizer.com/fa778b0e-817f-4c96-b13d-e2b614470033",""
"DATA-00191","WEBBULA LLC","Webbula, LLC","12/01/2025","","https://webbula.com/opt-out-request/","https://webbula.com/privacy-center/"
"DATA-00192","ELECTRONIC VOICE SERVICES INC","Electronic Voice Services, Inc.","01/24/2025","sales@evs7.com","https://www.evs7.com/personal-information-request",""
"DATA-00193","LOOKIFY LLC","LOOKIFY LLC","07/10/2024","","https://lookify.io/opt-out",""
"DATA-00195","KLOUDEND INC","KLOUDEND INC","12/21/2024","privacy@kloudend.com","https://ipapi.co/contact/",""
"DATA-00202","CLAY LABS LLC","Clay","12/16/2025","privacy@clay.com","clay.com",""
"DATA-00205","ZETA GLOBAL CORP","DISQUS INC,  LIVEINTENT INC.","08/01/2024","","https://privacyportal-cdn.onetrust.com/dsarwebform/bc2d3301-11a5-4de5-b15e-ce796187a352/d0720d0f-d427-4a7d-a773-5d6793229f15.html","https://zetaglobal.com/rights-request/"
"DATA-00206","NEXXA GROUP INC","NA","11/06/2025","consumerchoice@nexxagroup.com","www.nexxagroup.com/consumer-optout/",""
"DATA-00209","6SENSE INSIGHTS INC","6SENSE INSIGHTS INC","07/26/2024","datasubjectrequests@6sense.com","https://6sense.com/privacy-center/",""
"DATA-00210","ZIPSTORM INC","ZIPSTORM INC","08/01/2024","privacy@seekout.com","https://www.seekout.com/privacy/choices",""
"DATA-00211","CUSTOMER ASSET CONSULTING GROUP INC","DataDelivers","12/21/2025","privacy@datadelivers.com","https://trustsuperset.com/dsrs?orgId=275d6c62-eb0f-4f8a-80c2-b72573902714",""
"DATA-00212","PRIVATE RECORDS LLC","PRIVATE RECORDS LLC","07/31/2024","support@privaterecords.net","https://www.privaterecords.net/optOut/name/landing",""
"DATA-00213","DEMANDBASE INC","DEMANDBASE INC","12/15/2025","","https://www.demandbase.com/privacy-center.html?ketch_preferences_tab=rightsTab","WWW.DEMANDBASE.COM/PRIVACY"
"DATA-00214","INFOMATICS LLC","INFOMATICS LLC","08/05/2024","support@privatereports.com","https://www.privatereports.com/optOut/name/landing",""
"DATA-00215","WE INFORM LLC","WE INFORM LLC","11/29/2024","support@weinform.org","https://www.weinform.org/opt_out/name/landing_page",""
"DATA-00216","THE PEOPLE SEARCHERS LLC","THE PEOPLE SEARCHERS LLC","08/05/2024","support@peoplesearcher.com","http://www.peoplesearcher.com",""
"DATA-00217","TRUTH NOW LLC","TRUTH NOW LLC","11/29/2024","support@checksecrets.com","http://www.checksecrets.com",""
"DATA-00218","MOODYS ANALYTICS INC","Moody's Analytics, Inc.","08/07/2024","privacy@moodys.com","https://www.moodys.com/web/en/us/legal/privacy-policy.html","N/A"
"DATA-00220","MAGNITE INC","Magnite","08/07/2024","privacy@magnite.com","www.magnite.com","https://www.magnite.com/legal/user-choice-portal/"
"DATA-00222","TRESTLE SOLUTIONS INC","TRESTLE SOLUTIONS INC","01/08/2025","privacy@trestleiq.com","https://trestleiq.com/do-not-sell-my-personal-information/",""
"DATA-00223","VENPATH INC","VENPATH INC","08/16/2024","privacy@venpath.net","https://www.venpath.net/legal/privacy-notice","https://www.venpath.net/legal/opt-out"
"DATA-00224","FINTHRIVE HEALTHCARE INC","N/A","12/12/2025","","",""
"DATA-00225","TSG HOLDCO LLC","N/A","08/14/2024","","",""
"DATA-00226","AFFINITY ANSWERS CORPORATION","AFFINITY ANSWERS CORPORATION","11/21/2025","dataprivacy@affinityanswers.com","https://www.affinityanswers.com/","https://www.affinityanswers.com/privacy-policy"
"DATA-00229","MILESTONE MARKETING SOLUTIONS","MILESTONE MARKETING SOLUTIONS","08/22/2024","mmsprivacy@milestonemarketingsolutions.com","https://www.milestonemarketingsolutions.com/","N/A"
"DATA-00230","COLLECTIVE DATA SOLUTIONS LLC","COLLECTIVE DATA SOLUTIONS LLC","11/25/2024","privacy@collectivedata.io","https://www.collectivedata.io/opt-out-do-not-sell-request-process/",""
"DATA-00231","CLEARCOMPANY LLC","N/A","08/23/2024","privacy@clearcompany.com","clearcompany.com","N/A"
"DATA-00232","GRASSROOTS ANALYTICS INC","N/A","02/03/2026","compliance@grassrootsanalytics.com","https://www.grassrootsanalytics.com/california-consumer-privacy-act-ccpa","https://www.grassrootsanalytics.com"
"DATA-00233","ECONOMIC MODELING LLC","ECONOMIC MODELING LLC","11/06/2025","privacy@lightcast.io","https://privacyportal.onetrust.com/webform/0f61f895-d08d-410f-b96d-ecfd34fd42e3/8d4dfe0d-998d-4c1d-ab6d-4357670fa8e9","www.lightcast.io/privacy-policy"
"DATA-00234","NARVAR INC","Narvar","08/27/2024","","https://narvar.my.onetrust.com/webform/04b3731f-2a9a-42ce-bd6b-106d4b4ec3bf/a7c944bf-3cec-4f00-9dc5-dea5bf2b6f4f",""
"DATA-00236","BH MARKETING GROUP LLC","US Marketing Group","09/09/2024","privacy@usmarketinggrp.com","www.usmarketinggrp.com/privacy",""
"DATA-00237","DATONICS LLC","DATONICS LLC","12/02/2024","accounting@datonics.com","datonics.com",""
"DATA-00238","GETEMAILS LLC","Retention.com, RB2B","12/26/2025","support@retention.com","https://app.retention.com/optout/",""
"DATA-00240","REMODELING.COM LLC","EverConnect","09/13/2024","privacy@remodeling.com","",""
"DATA-00241","33 MILE RADIUS LLC","EverConnect","12/23/2025","privacy@33mileradius.com","",""
"DATA-00242","KEYWORD CONNECTS LLC","EverConnect","12/23/2025","privacy@keywordconnects.com","",""
"DATA-00243","JMR MEDIA CONSULTING INC","JMR Media","01/29/2026","privacy@jmr-media.com","www.jmr-media.com",""
"DATA-00244","FOO MONK LLC","Instantly.ai","12/22/2025","","https://app.instantly.ai/privacy/info?comet_token_override=2126706309352622211515084961203019266425501116448","https://app.instantly.ai/privacy/opt-out"
"DATA-00245","REDI-DATA INC","Redi-Data Inc.","09/19/2024","privacy@redidata.com","www.redidata.com",""
"DATA-00246","ADVERTISE4SALES INC","4LegalLeads","11/05/2024","ccpa@4legalleads.com","https://4legalleads.com/removal/",""
"DATA-00247","REALEFLOW LLC","REALEFLOW LLC","01/23/2026","privacy@realeflow.com","www.realeflow.com",""
"DATA-00248","ALL GOOD MEDIA","Attribits","09/23/2024","compliance@allgoodmediagroup.com","attribits.com",""
"DATA-00249","FOURLEAF LLC","FOURLEAF LLC","12/12/2025","privacy@thefourleaf.com","www.fourleafdata.com",""
"DATA-00250","UNEARTH CAMPAIGNS LLC","UNEARTH CAMPAIGNS LLC","12/10/2025","privacy@unearthcampaigns.com","https://www.unearthcampaigns.com/","n/a"
"DATA-00251","WEALTHFEED","WealthFeed","09/30/2024","Online","Online","Online"
"DATA-00252","COGNISM INC","N/A","09/30/2024","Yes","Yes",""
"DATA-00254","J2 MARTECH CORP","J2 MARTECH CORP","12/16/2025","privacy@ziffdavis.com","https://dsar.ziffdavis.com/",""
"DATA-00255","J2 GLOBAL CANADA INC","J2 GLOBAL CANADA INC","12/15/2025","privacy@ziffdavis.com","ziffdavis.com",""
"DATA-00256","LEAD ME MEDIA LLC","LEAD ME MEDIA LLC","10/21/2024","","https://policy.leadmemedia.com",""
"DATA-00257","EXPLORIUM INC","EXPLORIUM INC","12/15/2025","privacy@explorium.ai","","https://www.explorium.ai/do-not-sell-my-personal-information/"
"DATA-00258","ZS ASSOCIATES INC","ZS ASSOCIATES INC","11/07/2024","dataprivacy@zs.com","https://privacyportal.onetrust.com/webform/4400928b-660f-4be4-855f-69b6f1e06e37/b2b0fdfa-54b2-4260-8ba0-0053e88a21f1","zs.com"
"DATA-00259","WEST PUBLISING CORPORATION","West Publishing Corp","11/12/2024","","https://www.thomsonreuters.com/en/privacy-statement.html",""
"DATA-00260","ACTIVIMPACT LLC","ActivImpact","11/13/2025","privacy@activimpact.ai","https://activimpact.ai/dsar","https://activimpact.ai/privacy-policy"
"DATA-00261","33ACROSS INC","33ACROSS INC","12/18/2025","privacy@33across.com","https://udp.33across.com/udp_opt_out",""
"DATA-00262","EAB GLOBAL INC","EAB GLOBAL INC","01/13/2026","Privacy@eab.com","www.eab.com",""
"DATA-00264","STIRISTA","Stirista","11/22/2024","privacy@stirista.com","https://www.stirista.com/privacy-policy/",""
"DATA-00265","RICH MEDIA LLC","RICH MEDIA LLC","02/03/2026","privacy@richmediallc.com","www.richmediallc.com",""
"DATA-00266","PEEKYOU LLC","PeekYou LLC","11/22/2024","info@peekyou.com","https://www.peekyou.com/",""
"DATA-00267","UPLEAD LLC","UPLEAD LLC","11/25/2024","","","https://www.uplead.com/delete-my-information/"
"DATA-00268","RELPRO INC","RELPRO INC","12/05/2024","info@relpro.com","",""
"DATA-00270","CARDLYTICS INC","CARDLYTICS INC","12/18/2025","","https://datagrail.cardlytics.com/",""
"DATA-00271","TRUE BLUE ANALYTICS LLC","TRUE BLUE ANALYTICS LLC","11/03/2025","privacy@trueblueanalytics.org","trueblueanalytics.org",""
"DATA-00272","FIRST MOVERS ADVANTAGE LLC","FIRST MOVERS ADVANTAGE LLC","12/03/2024","","https://www.fmadata.com/",""
"DATA-00273","AMERICAN SPIRIT DATA SOULTIONS LLC","Aspire North","11/07/2025","privacy@aspire-north.com","www.americanspiritcorp.com/do-not-sell-my-personal-information--out-out-request-form.html",""
"DATA-00274","REVOPTIMAL LLC","RevOptimal, LLC","12/04/2024","privacy@revoptimal.com","https://revoptimal.com/","https://revoptimal.com/dsar"
"DATA-00275","MONEVO INC","MONEVO INC","12/12/2025","","https://www.transunion.com/consumer-privacy","https://www.dmachoice.org; https://thenai.org/opt-out; https://optout.aboutads.info"""""
"DATA-00277","DATASYS GROUP INC","Datasys","12/09/2024","support@datasys.com","datasys.com",""
"DATA-00278","INTENT IQ LLC","Intent IQ LLC","11/12/2025","privacy@intentiq.com","https://www.intentiq.com/opt-out/",""
"DATA-00279","5X5 US LLC","5x5 US LLC","12/30/2025","privacy@5x5coop.com","https://5x5coop.com/",""
"DATA-00280","ALTAIR DATA RESOURCES INC","ALTAIR DATA RESOURCES INC","12/11/2024","privacy@altairci.com","https://www.altairdata.com/altair-consumer-info/",""
"DATA-00282","HEALTHLINK DIMENSIONS LLC","HealthLink Dimensions, LLC","05/20/2025","privacy@healthlinkdimensions.com","healthlinkdimensions.com","https://www.healthlinkdimensions.com/consumerprivacyrights"
"DATA-00283","ZENLEADS INC","Apollo.io","11/20/2025","privacy@apollo.io","https://www.apollo.io/privacy-policy/remove",""
"DATA-00284","GREAT LAKES LIST INC","GREAT LAKES LIST INC","12/12/2024","","www.greatlakeslists.com",""
"DATA-00285","PARAMOUNT LISTS INC","Paramount Lists, Inc.","12/12/2024","","www.paramountlists.com",""
"DATA-00287","AIDENTIFIED INC","AIDENTIFIED INC","04/07/2026","privacy@aidentified.com","https://www.aidentified.com/delete-my-data","https://www.aidentified.com/delete-my-data"
"DATA-00288","CONVEX LABS LLC","Convex Labs","12/08/2025","support@convexlabs.io","https://www.convex.com/","https://www.convex.com/privacy-policy"
"DATA-00289","STACKADAPT INC","StackAdapt Inc.","12/20/2024","privacy@stackadapt.com","https://www.stackadapt.com/legal-document-centre/opt-out-of-sale-targeted-advertising","https://www.stackadapt.com/legal-document-centre/consumer-rights-web-form"
"DATA-00291","KOMODO HEALTH INC","KOMODO HEALTH INC","12/22/2025","","https://www.komodohealth.com/privacy-notice/",""
"DATA-00292","VIDEOAMP INC","N/A","12/23/2025","privacy@videoamp.com","https://videoamp.com/us-privacy-notice/","N/A"
"DATA-00296","APOLLO INTERACTIVE LLC","APOLLO INTERACTIVE LLC","01/14/2025","requests@apollointeractive.com","https://www.apollointeractive.com/data-rights.php",""
"DATA-00299","CATALINA MARKETING CORPORATION","Catalina Marketing","12/18/2025","privacyteam@catalina.com","https://www.catalina.com/legal","https://privacyportal.onetrust.com/webform/7665c53e-aae8-4a03-9dd3-66fb6bce8f55/1bb0c042-b42f-49cc-8779-0bdf8f2ac522"
"DATA-00300","REDMOB LLC","Redmob","12/17/2025","privacy@redmob.io","https://www.redmob.io/",""
"DATA-00301","BLIS USA, INC.","Blis","12/23/2025","PRIVACY@BLIS.COM","https://blis.com/privacy-centre/","https://blis.com/ccpa-opt-out"
"DATA-00302","MESSAGE DIGITAL LLC","N/A","11/17/2025","","https://messagedigital.com/my-data",""
"DATA-00305","SHARE LOCAL MEDIA INC","SHARE LOCAL MEDIA INC","01/27/2025","","https://privacy.sharelocalmedia.com/","https://opt-out.sharelocalmedia.com/"
"DATA-00306","DATA DECISIONS GROUP LLC","Data Decisions Group","01/28/2025","privacy@datadecisionsgroup.com","https://datadecisionsgroup.com/privacy-policy/",""
"DATA-00308","INFOPAY INC","INFOPAY INC","02/03/2025","compliance@infopay.com","https://www.infopay.com/",""
"DATA-00309","FIRST DIRECT INC","FIRST DIRECT","02/03/2025","privacy@firstdirectmarketing.com","https://compliance.firstdirectmarketing.com/",""
"DATA-00310","QUAD/GRAPHICS INC","Quad","12/09/2025","","www.quad.com",""
"DATA-00311","El TORO.COM LLC","El Toro.com LLC","02/04/2025","","https://eltoro.com/do-not-sell-my-personal-information/","855-935-8676 (Toll Free)"
"DATA-00312","CRIMSON HEXAGON INC","CRIMSON HEXAGON INC","12/05/2025","Privacy@brandwatch.com","www.brandwatch.com","https://portals.dporganizer.com/fa778b0e-817f-4c96-b13d-e2b614470033"
"DATA-00313","PREQIN INC","PREQIN INC","12/19/2025","vistrataxreg.us@vistra.com","",""
"DATA-00314","STERLING DATA COMPANY LLC","STERLING DATA COMPANY LLC","12/10/2025","privacy@sterling.ai","sterling.ai/privacy-policy",""
"DATA-00315","EXELATE INC","EXELATE INC","02/06/2025","Users can opt-out using their email address on https://sites.nielsen.com/legal/privacy-statement/exelate-privacy-policy/opt-in-opt-out/","Users can opt-out on our opt-out page at https://sites.nielsen.com/legal/privacy-statement/exelate-privacy-policy/opt-in-opt-out/ with an email address, MAID, or their browser.",""
"DATA-00316","SEMCASTING INC","Semcasting, Inc.","05/28/2025","privacychoice@semcasting.com","https://www.semcasting.com/privacy-choice","https://www.semcasting.com/"
"DATA-00317","LIONSHARE MARKETING INC","LIONSHARE MARKETING INC","02/06/2025","","www.lionsharemarketing.com",""
"DATA-00318","DISCO TECHNOLOGY INC","Disco Technology Inc","11/20/2025","","",""
"DATA-00319","COMPLETE MAILING LISTS LLC","COMPLETE MAILING LISTS LLC","01/12/2026","","https://completemailinglists.com/do-not-sell-my-information",""
"DATA-00320","MISSISSIPPI TORNADO ALLEY LLC","FastPplSearch, USPhonebook, SearchPeopleFree, USA-People-Search,AdvancedBackgroundChecks, SmartBackgroundChecks,CyberBackgroundChecks,","12/22/2025","","https://www.fastpeoplesearch.com/do-not-sell",""
"DATA-00321","FORAGER.AI LLC","FORAGER.AI LLC","12/22/2025","","https://app.forager.ai/privacy","https://app.forager.ai/privacy/data-removal"
"DATA-00322","CDK GLOBAL LLC","CDK Global","02/19/2025","privacy@cdk.com","cdkglobal.com",""
"DATA-00323","REKLAIM LTD","REKLAIM LTD","12/23/2025","privacy@reklaimyours.com","https://www.reklaimyours.com/optout/","https://www.reklaimyours.com/do-not-sell-my-data"
"DATA-00324","FREE DATA SERVICES LLC","FREE DATA SERVICES LLC","12/22/2025","","truepeoplesearch.com/removal",""
"DATA-00325","FAMILY TREE NOW LLC","FAMILY TREE NOW LLC","12/23/2025","","https://www.familytreenow.com/privacy?removal=true",""
"DATA-00326","COMPLETE MEDICAL LISTS INC","COMPLETE MEDICAL LISTS INC","02/21/2025","","https://www.completemedicallists.com/ccpa.php",""
"DATA-00327","DECISIONLINKS LLC","DECISIONLINKS LLC","11/03/2025","support@decisionlinks.com","https://www.decisionlinks.com/legal-pages/your-privacy-choices",""
"DATA-00328","CONSUMER CANVAS LLC","CONSUMER CANVAS","02/25/2025","privacy@consumercanvas.net","www.consumercanvas.net/privacy",""
"DATA-00329","POSSIBLENOW INC","N/A","02/26/2025","","https://site.possiblenow.com/do-not-sell-my-personal-information-new",""
"DATA-00330","ALTRATA INC","ALTRATA INC","03/03/2025","piprivacy@altrata.com","www.altrata.com","https://privacyportal-de.onetrust.com/webform/b5218791-ed84-4221-9950-4da103101c75/1a48b9f9-3aa6-4bab-bdad-9ec06710a91c"
"DATA-00331","JDM LIST SERVICES LLC","JDM LIST SERVICES LLC","11/07/2025","chrissy@jdmlistservices.com","www.jdmlistservices.com",""
"DATA-00333","INTENTSIFY LLC","Intentsify, LLC","03/04/2025","privacy@intentisfy.io","https://app.intentsify.io/opt-out",""
"DATA-00334","EMERGES.COM INCORPORATED","eMerges.com","02/23/2026","https://www.emerges.com/Government-Record-Opt-Out_ep_51-1.html","https://www.emerges.com/Government-Record-Opt-Out_ep_51-1.html","https://www.emerges.com/Government-Record-Opt-Out_ep_51-1.html"
"DATA-00335","POSTPILOT INC","POSTPILOT INC","03/10/2025","","https://www.postpilot.com/rights-request-form",""
"DATA-00336","INSTITUTIONAL SHAREHOLDER SERVICES","INSTITUTIONAL SHAREHOLDER SERVICES","02/27/2026","N/A","N/A","N/A"
"DATA-00337","DATE DETECTIVE INC","Date Detective","02/16/2026","privacy@date-detective.app","https://mobile.date-detective.app/investigate-opt-out","https://www.date-detective.app/agreements/privacy-policy"
"DATA-00338","MEDIA RESOURCE GROUP LLC","Media Resource Group LLC","11/03/2025","info@mrginc.com","mrginc.com","https://mrginc.com/do-not-sell-my-personal-information"
"DATA-00339","COMMAND PRECISION INC","Persistent.id","01/20/2026","privacy@persistent.id","https://trustsuperset.com/dsrs?orgId=7b774bc1-608f-8c4c-bb90-453b1540f48b",""
"DATA-00340","FARADAY INC","FARADAY INC","03/24/2025","","https://faraday.ai/privacy-options",""
"DATA-00341","ACRONYMIX LLC","ACRONYMIX LLC","03/26/2025","privacy@acronymix.com","https://app.termly.io/notify/9f01e1ad-6846-46ec-8f9f-3f2155e8392c",""
"DATA-00342","MULTIMEDIA LISTS INC","MULTIMEDIA LISTS INC","03/26/2025","optout@multimedialists.com","www.multimedialists.com",""
"DATA-00343","PLACEIQ INC","PlaceIQ","11/27/2025","placeiq.privacy@precisely.com","https://www.precisely.com/your-privacy-choices","https://privacyportal-eu.onetrust.com/webform/d88b298e-1f7e-420f-949c-fedc475c1e77/83126462-6c9f-4d90-9077-f029b129a2a6"
"DATA-00344","RAMPEDUP","RAMPEDUP","03/27/2025","contact@rampedup.io","rampedup.io","https://basic.rampedup.io/app/donotsell"
"DATA-00346","KEY MARKETING ADVANTAGE LLC","Key Marketing Advantage, LLC","11/04/2025","privacy@keymarketingadvantage.com","www.keymarketingadvantage.com",""
"DATA-00347","LOOPME LTD","LOOPME LTD","04/02/2025","privacy@loopme.com","https://legal.loopme.com/privacy-center/loopme-opt-out",""
"DATA-00348","VISUAL VISITOR LLC","VisualVisitor.com","04/04/2025","privacy@visualvisitor.com","https://www.visualvisitor.com/opt-out/","https://www.visualvisitor.com/opt-out/"
"DATA-00349","BDEX LLC","BDEX LLC","04/07/2025","privacy@bdex.com","www.bdex.com","https://www.bdex.com/privacy-policy/data-sharing-opt-out/"
"DATA-00350","ADEPT ID INC","AdeptID","04/09/2025","privacy@adept-id.com","https://www.adept-id.com/opt-out-preferences/",""
"DATA-00351","LISTKIT LLC","LISTKIT LLC","04/14/2025","support@listkit.io","listkit.io",""
"DATA-00352","THE SEGERDAHL LLC","SG360°","12/22/2025","","https://sg360.com/do-not-sell-my-info/",""
"DATA-00354","MEDPRO SYSTEMS","MedPro Systems LLC","01/02/2026","Privacy@medprosystems.com","www.medprosystems.com",""
"DATA-00355","DEMAND SCIENCE US LLC","Demand Science US, LLC","01/02/2026","legal@demandscience.com","https://demandscience.com/",""
"DATA-00356","GENERAL MOTORS LLC","GENERAL MOTORS LLC","01/14/2026","","www.gm.com/consumer-privacy",""
"DATA-00358","WINR DATA B V","WINR Data B.V.","11/05/2025","Webform, email, letter","N/A","N/A"
"DATA-00359","NEXXEN INC","Nexxen, Inc.","11/12/2025","privacyrights@nexxen.com","https://nexxen.com/privacy-data-subject-rights-request/","https://nexxen.com/services-privacy-policy/"
"DATA-00361","LOB.COM INC.","Lob.com, Inc.","12/17/2025","privacy.inbox@lob.com","https://www.lob.com/privacy",""
"DATA-00362","LIGHTBOX PARENT LP","LightBox Parent, L.P.","12/29/2025","https://www.lightboxre.com/lightbox-individual-data-rights-request/","https://www.lightboxre.com/lightbox-individual-data-rights-request/",""
"DATA-00363","PROJECT AFFINITY INC","Affinity","05/13/2025","privacy@affinity.co","https://www.affinity.co/legal/privacy-policy",""
"DATA-00364","TUNNL LLC","TUNNL LLC","05/13/2025","notice@tunnldata.com","https://privacy.tunnldata.com/","https://www.tunnldata.com/privacy-policy"
"DATA-00365","BUXTON COMPANY LLC","BUXTON COMPANY LLC","05/15/2025","","https://www.buxtonco.com/privacy",""
"DATA-00368","01ADVERTISING INC","01ADVERTISING INC","05/16/2025","privacy@01advertising.com","",""
"DATA-00369","AWL HOLDINGS LLC","AWL HOLDINGS LLC","06/03/2025","dncrequest@awl.com","https://awl.com/privacy/",""
"DATA-00370","BUXTON COMPANY LLC","BUXTON COMPANY LLC","01/23/2026","consumerprivacy@buxtonco.com","buxtonco.com/privacy",""
"DATA-00371","FUSABLE","Fusable","06/11/2025","privacy@fusable.com","www.fusable.com","www.fusable.com"
"DATA-00372","GRAZE SOCIAL PBC","GRAZE SOCIAL PBC","06/11/2025","legal@graze.social","www.graze.social",""
"DATA-00373","SUMMIT RESOURCES LLC","Client Command","01/13/2026","","clientcommand.com","https://clientcommand.com/client-command-privacy-notice/"
"DATA-00375","ROCKETREACH LLC","No","06/16/2025","privacy@rocketreach.co","https://rocketreach.co/remove-profile","https://rocketreach.co/privacy"
"DATA-00376","ECONTEXT.AI LIMITED","Complementics","12/29/2025","privacy@complementics.com","https://www.complementics.com/opt-out",""
"DATA-00377","JUICEBOX APP","Juicebox App, Inc.","06/25/2025","privacy@juicebox.work","https://juicebox.ai/privacy-center","https://juicebox.ai/privacy-policy"
"DATA-00378","SHARETHROUGH USA INC","Sharethrough","07/03/2025","dataprotection@sharethrough.com","www.sharethrough.com","https://privacy-center.sharethrough.com/en/user-rights/"
"DATA-00380","BROOKS INTEGRATED MARKETING LLC","BROOKS INTEGRATED MARKETING LLC","10/22/2025","privacy@brooksim.com","dsr.trustsuperset.com/?orgId=2dc76d0a-78d2-4492-9fc1-39da892fc0d5",""
"DATA-00382","DATAFY LLC","DATAFY LLC","07/09/2025","opt-out@datafy.com","https://datafy.com/opt-out",""
"DATA-00383","HELIX CAMPAIGNS LLC","Helix Campaigns LLC","07/11/2025","info@helixcampaigns.com","www.helixcampaigns.com/mydata",""
"DATA-00384","TRUEDATA SOLUTIONS INC","TrueData Solutions, Inc.","07/16/2025","privacy@truedata.co","https://info-prod.truedata.co/access-delete-request","https://info-prod.truedata.co/opt-out-request"
"DATA-00385","SWARM HOLDINGS INC","SWARM HOLDINGS INC","08/25/2025","privacy@theswarm.com","https://dsr.trustsuperset.com/?orgId=0ed646d6-b843-4222-b209-cd97ff3f8b73",""
"DATA-00387","ACCURATE APPEND INC","ACCURATE APPEND INC","07/25/2025","Optout@accurateappend.com","www.accurateappend.com","https://clients.accurateappend.com/public/optout/capture"
"DATA-00388","VISTAR MEDIA INC","Vistar Media Ince.","07/30/2025","privacy@vistarmedia.com","https://www.vistarmedia.com/privacy-choices",""
"DATA-00389","OPTABLE TECHNOLOGIES US INC","Optable","08/01/2025","","https://terms.optable.co/privacy/opt-out-and-suppression-of-brokered-data",""
"DATA-00390","UPCELL LLC","upcell","08/15/2025","privacy@upcell.io","https://www.upcell.io/data-claim",""
"DATA-00391","AUTOWEB INC","AUTOWEB INC","08/29/2025","consumercare@autoweb.com","https://www.autoweb.com/privacy","https://privacyportal.onetrust.com/webform/27aa5d67-8136-4a08-ae4b-9860992e2375/f84362ef-6901-4a8c-9a52-e7b06dbb4e6b"
"DATA-00392","BUYERLINK INC","BUYERLINK INC","08/29/2025","feedback@buyerlink.com","https://www.buyerlink.co/privacy","https://www.buyerlink.co/do-not-sell-or-share-my-personal-information"
"DATA-00393","AUDIENCE MIX LLC","AudienceMix","09/16/2025","privacy@audiencemix.net","https://www.audiencemix.net/do-no-sell-or-share-my-personal-informat",""
"DATA-00394","EFFYIS INC","Socialgist","09/16/2025","Privacy@socialgist.com","www.socialgist.ai","www.socialgist.ai/privacy-and-terms"
"DATA-00395","IRYS INC","IRYS INC","11/12/2025","privacy@irys.us","dsr.trustsuperset.com/?orgId=0d0512a8-9337-4cb5-9369-acf2ef40a077",""
"DATA-00396","BACHMANITY INC","Aviato","10/03/2025","contact@aviato.co","",""
"DATA-00397","INFINITE MEDIA CONCEPTS INCORPORATES","Mailinglists.com","05/28/2026","mail@mailinglists.com","www.mailinglists.com",""
"DATA-00398","BLUE HILL MARKETING SOLUTIONS","LiftEngine","10/21/2025","","https://www.liftbasedata.com/request-to-know/","N/A"
"DATA-00399","COLLECTORS DATASTORE LLC","COLLECTORS DATASTORE LLC","10/21/2025","privacy@collectorsdatastore.com","https://fanalyticsiq.com/opt-out-request/",""
"DATA-00400","LIVE DATA TECHNOLOGIES INC","LIVE DATA TECHNOLOGIES INC","10/21/2025","","https://www.livedatatechnologies.com/opting",""
"DATA-00401","WIZA INC","WIZA INC","11/03/2025","hello@wiza.co","https://wiza.co/optout-contact-info","https://wiza.co/optout-directory"
"DATA-00402","PLUG INDUSTRIES","PLUG INDUSTRIES","11/03/2025","blakehogan@plug-industries.com","www.plug-industries.com",""
"DATA-00404","ROR PARTNERS LLC","ROR Partners","11/21/2025","privacy@rorpartners.com","https://www.rorpartners.com/dsar",""
"DATA-00405","SYNC.ME LTD.","SYNC.ME LTD.","12/02/2025","support@sync.me","https://sync.me/unsubscribe/","https://sync.me/do-not-sell/"
"DATA-00406","INNOVATION BRANDS CORP","DojoMojo","01/29/2026","privacy@proxima.ai","www.proxima.ai",""
"DATA-00407","CYBBA INC","Cybba","01/22/2026","","https://cybba-requests.my.onetrust.com/webform/a4a1351e-d293-4305-bde4-b9cf8f5c0989/f89c576a-b5c6-498e-bad5-698f084ffd30",""
"DATA-00408","TRIPLE LIFT INC","TripleLift, Inc.","12/31/2025","platformprivacy@triplelift.com","https://triplelift.com/user-rights-policy-and-opt-out/",""
"DATA-00409","NATIONAL OPINION INSTITUTE","N/A","12/31/2025","privacy@nationalopinioninstitute.com","https://nationalopinioninstitute.com/","https://privacyportal.onetrust.com/webform/94afa614-d9cb-419b99f1-20c87afaca7f/57df90cc-8c52-4288-b242-70d990714c74"
"DATA-00411","RUSHMORE LABS LLC","N/A","12/31/2025","privacy@rushmorelabs.com","https://rushmorelabs.com/","https://privacyportal.onetrust.com/webform/94afa614-d9cb-419b-99f120c87afaca7f/15a2d192-b093-4c31-9c0d-359cf4394128"
"DATA-00412","MOBILE TECHNOLOGY CORPORATION","OnSpot Data","01/02/2026","optout@onspotdata.com","www.onspotdata.com",""
"DATA-00413","GLOBAL SOURCE DATA SOLUTIONS INC","GLOBAL SOURCE DATA SOLUTIONS INC","01/02/2026","privacy@gsdsi.com","https://trustsuperset.com/dsrs?orgId=cf72da3d-e829-46e5-a71e-6d15b95c06ad",""
"DATA-00415","IQVIA DIGITAL INC.","IQVIA DIGITAL INC.","12/30/2025","PrivacyOfficer@IQVIA.com","www.iqvia.com","https://www.iqvia.com/about-us/privacy/ccpa/do-not-sell"
"DATA-00416","COMMERCE SIGNALS INC","COMMERCE SIGNALS INC","01/02/2026","","https://service.transunion.com/dss/ccpa_optout.page",""
"DATA-00419","SPY LABS ADCO LLC","SpyDialer","01/12/2026","","https://spydialer.com/Consumers/",""
"DATA-00420","GIGABITE INC","Boam AI","01/12/2026","privacy@boam.com","https://boam.ai/privacy-policy",""
"DATA-00421","DB SUB, LLC","DB SUB, LLC","01/21/2026","privacy@partech.com","https://partech.com/dbsubllc/",""
"DATA-00422","TAGIS INC","Amplemarket","01/21/2026","privacy@amplemarket.com","https://www.amplemarket.com/legal/privacy","https://portal.usepylon.com/amplemarket/forms/privacy-request-form"
"DATA-00423","OWNCO LLC","MonitorBase","01/21/2026","","https://my.monitorbase.com/privacypolicy",""
"DATA-00424","VENNTEL INC","Venntel","01/22/2026","privacy@venntel.com","https://www.venntel.com/opt-out",""
"DATA-00425","CONNATIX NATIVE EXCHANGE INC","CONNATIX NATIVE EXCHANGE INC","01/28/2026","privacy@connatix.com","www.connatix.com/optout",""
"DATA-00426","IDMAP INC","IDMAP INC","01/28/2026","michael.belsky@idmap.ai","https://idmap.ai/do-not-sell.html",""
"DATA-00427","BABEL STREET INC","BABEL STREET INC","03/05/2026","privacy@babelstreet.com","babelstreet.com","https://www.babelstreet.com/privacy"
"DATA-00428","ACREMAPS LLC","Acres","01/28/2026","support@acres.com","https://www.acres.com/","https://www.acres.com/privacy-policy"
"DATA-00429","INMAR BRAND SOLUTIONS INC","Inmar Brand Solutions, Inc.","01/28/2026","privacy@inmar.com","inmar.com",""
"DATA-00430","RESPONSE AMERICA DATA INC","RESPONSE AMERICA DATA INC","01/29/2026","ncoa@responseamerica.net","https://responseamerica.net/optout.html",""
"DATA-00431","CIRCANA LLC","Circana, LLC","01/30/2026","","https://privacyportal.onetrust.com/webform/95580356-b46a-4234-8f47-d824de4dbbc6/2de05774-2e3d-45b0-a7c2-45bb6ba50ab1",""
"DATA-00432","AGILE EDUCATION MARKETING","AGILE EDUCATION MARKETING","04/13/2026","personalinforequests@agile-ed.com","https://agile-ed.com/california-privacy-rights/","https://agile-ed.com/privacy-policy/"
"DATA-00433","NEPTUNE OPS LLC","NEPTUNE OPS LLC","02/02/2026","nora@neptuneops.com","",""
"DATA-00434","NACHAL INC","Liminal and iFish Digital and Lead Lure","02/06/2026","privacy@getliminal.com","https://getliminal.com/privacypolicy",""
"DATA-00435","VIRTUAL MARKETING LLC","Fusion92","02/02/2026","privacy@fusion92.com","https://www.fusion92.com/privacy-choices","N/A"
"DATA-00436","UNACAST INC","Unacast","02/06/2026","privacy@unacast.com","https://www.unacast.com/opt-out",""
"DATA-00437","PLUNGE, LLC","PLUNGE, LLC","02/17/2026","PRIVACY@PLUNGEDIGITAL.COM","https://www.plungedigital.com/","https://www.plungedigital.com/privacy-policy/"
"DATA-00438","MV DIGITAL GROUP LLC","CinqDI","04/29/2026","","https://www.cinqdi.com/privacy-policy/?fides_modal_display=immediate",""
"DATA-00439","PEN-LINK LTD","Pen-Link, Ltd.","02/26/2026","privacy@penlink.com","https://www.penlink.com/your-privacy-choices/",""
"DATA-00440","EXA LABS INC","Exa","02/26/2026","hello@exa.ai","exa.ai","n/a"
"DATA-00441","CLARIVATE ANALYTICS (US)","CLARIVATE ANALYTICS (US)","03/02/2026","data.privacy@clarivate.com","https://privacyportal.onetrust.com/webform/7636e208-dda4-4218-8026-e1bc155873fc/0927a3fa-add0-4dc4-8bb0-20d6e374b7cc","www.clarivate.com"
"DATA-00442","DR/DECISION RESOURCES, LLC","DR/DECISION RESOURCES, LLC","03/02/2026","data.privacy@clarivate.com","https://privacyportal.onetrust.com/webform/7636e208-dda4-4218-8026-e1bc155873fc/0927a3fa-add0-4dc4-8bb0-20d6e374b7cc","www.clarivate.com"
"DATA-00443","CLARITAS LLC","CLARITAS LLC","03/02/2026","privacyinfo@claritas.com","https://www.claritas.com/privacy-legal/",""
"DATA-00444","OPENSEND INC","Opensend","03/13/2026","privacy@opensend.com","opensend.com",""
"DATA-00445","OUTWARD MEDIA INC","OUTWARD MEDIA INC","03/31/2026","privacy@outwardmedia.com","https://outwardmedia.com/","https://outwardmedia.com/do-not-sell"
"DATA-00446","NUMLOOKUP LLC","NumLookup.com","04/15/2026","hello@numlookup.com","","https://www.numlookup.com/opt_out"
"DATA-00447","ABOVE DATA INC","Above Data","04/21/2026","privacy@abovedata.io","abovedata.io",""
"DATA-00448","OWMN LLC","OWMN LLC","04/17/2026","privacy@thebridgecorp.com","https://www.thebridgecorp.com/our-approach-to-data-privacy/","https://www.thebridgecorp.com/opt-out/"
"DATA-00449","MOBILEFUSE LLC","MOBILEFUSE LLC","04/21/2026","compliance@mobilefuse.com","https://mobilefuse.com/privacy-policy",""
"DATA-00450","GATHER ANALYTICS LLC","GATHER ANALYTICS LLC","04/29/2026","privacy@gatheranalytics.co","https://dsr.trustsuperset.com/?orgId=ddc3f557-7e66-4af0-96f3-b581b4249285",""
"DATA-00451","ISPOT.TV","ISPOT.TV","05/19/2026","privacy+ispot@ispot.tv","www.ispot.tv",""
"DATA-00452","VENTIVEIQ LLC","VENTIVEIQ LLC","06/30/2026","privacy@ventiveiq.com","https://ventiveiq.com","https://ventiveiq.com/privacy-policy/"
"DATA-00453","WALLA MEDIA LLC","WALLA MEDIA LLC","05/21/2026","privacyofficer@consumerdataprotect.com: privacyofficer@protectdataprivacy.com","consumerdataprotect.com",""
"DATA-00454","CIVIC ELEMENT LLC","CIVIC ELEMENT LLC","05/26/2026","","www.civicelement.com/privacy-policy-request.","https://www.civicelement.com/privacy-policy"
"DATA-00455","R L POLK  CO","R L POLK  CO","06/12/2026","privacy@mobilityglobal.com","www.mobilityglobal.com","https://www.spglobal.com/ratings/en"
"DATA-00456","INFILLION INC","Infillion Inc.","06/12/2026","privacy@infillion.com","www.infillion.com","https://privacyportal.onetrust.com/webform/7665c53e-aae8-4a03-9dd3-66fb6bce8f55/22033015-0970-44c0-b5a5-8b180f7e4ef1"
"DATA-00457","FACTEUS, INC.","FACTEUS, INC.","06/15/2026","info@facteus.com","www.facteus.com",""
"DATA-00458","UNIFY AI BUSINESS CORPORATION","UNIFY AI BUSINESS CORPORATION","06/23/2026","privacy@unifygtm.com","privacy.unifygtm.com",""
"DATA-00459","ZEETOGROUP LLC","ZeetoGroup, LLC","06/24/2026","support@zeetogroup.com","https://zeeto.io",""
"DATA-00460","YOBI VENTURES INC","Yobi AI","06/24/2026","privacy@yobi.ai","https://www.yobi.ai/opt-out",""
"DATA-00461","PEBBLEPOST INC","PebblePost, Inc.","07/13/2026","privacy@pebblepost.com","https://www.pebbepost.com/","https://privacyportal-cdn.onetrust.com/dsarwebform/f3224586-fa40-4b58-822e-e86fec4761ed/39d1f47c-b268-42dc-8009-25d1fd37d305.html"
"DATA-00462","V P DATA LLC","Valpak Intelligence","07/01/2026","privacy@valpakintelligence.com","https://valpakintelligence.com/privacy-policy",""
"DATA-00463","URBAN SCIENCE APPLICATIONS INC","Urban Science","07/01/2026","usdatabroker@urbanscience.com","https://www.urbanscience.com/privacy/",""
"DATA-00464","BLUEPRINT AUDIENCES LLC","BLUEPRINT AUDIENCES LLC","07/02/2026","jeremy@blueprintaudiences.com","https://blueprintaudiences.com/privacy-choices","n/a"
"DATA-00465","ALIKEAUDIENCE INC","AlikeAudience","07/08/2026","privacy@alikeaudience.com","",""
"DATA-00466","GROWTHCODE LLC","N/A","07/08/2026","privacy@growthcode.io","https://www.growthcode.io/do-not-sell","N/A"
"DATA-00467","WINR ALCHEMIST PTY LTD","WINR ALCHEMIST PTY LTD","07/09/2026","privacy@winrdata.com","https://www.winrdata.com/privacy-policy-us/",""
"DATA-00468","WINR DATA PTY LTD","WINR DATA PTY LTD","07/09/2026","privacy@winrdata.com","https://www.winrdata.com/privacy-policy-us/",""
"DATA-00470","WAYPOINT METRICS LLC","Waypoint Metrics, LLC","07/20/2026","privacy@waypointmetrics.com","www.waypointmetrics.com",""
"DATA-00471","COX AUTOMOTIVE INC","COX AUTOMOTIVE INC","07/21/2026","","https://www.coxautoinc.com/consumerprivacyrights/",""
"DATA-00472","QUORUM DATA INC","Quorum Data, Inc","07/22/2026","privacy@quorum.inc","https://app.quorum.live/privacy-request","https://www.quorum.inc"
"DATA-00473","LP BROKERING LLC","LP BROKERING LLC","07/27/2026","","https://privacy.lpbrokering.com/",""
"DATA-00474","FI NAVIGATOR CORPORATION","FI NAVIGATOR CORPORATION","07/27/2026","privacy@fi-navigator.com","https://www.trustsuperset.com/dsrs?orgId=aff4e71a-b6d9-43a4-864e-7351e5ab2b2d",""
"DATA-00475","AGGKNOWLEDGE INC","AGGKNOWLEDGE INC","07/30/2026","privacy@aggknowledge.ai","https://trustsuperset.com/dsrs?orgId=e0f23855-9ef2-46de-aff1-2c7938b8c8c9",""
"DATA-00476","DICE CAREER SOLUTIONS INC","Dice.com","07/27/2026","privacy@dice.com","https://www.dice.com","https://www.dice.com/about/ccpa"
"DATA-00477","FIRMABLE INC","FIRMABLE INC","07/27/2026","privacy@firmable.com","https://www.trustsuperset.com/dsrs'orgId=4392fc55-6b3f-4b3d-82ca-b424aa96eb2a",""
"DATA-00478","LEVERAGE DIGITAL LLC","LEVERAGE DIGITAL LLC","07/29/2026","privacy@leveragedigital.ai","https://www.trustsuperset.com/dsrs'orgId=b46e7184-11fe-4a94-a0b4-1dce265848b0",""
"DATA-00479","SalesIntel Research, Inc","SalesIntel Research, Inc","08/04/2026","data@salesintel.io","https://salesintel.io/opt-out/",""
"DATA-00480","INNOVATIVE DATA SERVICES INC","Specialists Marketing Solutions","08/04/2026","privacy@specialistsdata.com","www.specialistsdata.com","www.specialistsmarketingsolutions.com"
"DATA-00481","SWIPEJOBS LLC","SWIPEJOBS LLC","08/10/2026","privacy@swipejobs.com","https://www.swipejobs.com/privacy-center",""
"DATA-00482","FULLENRICH CORP","FullEnrich Corp","08/17/2026","Via opt-out page on the website","https://fullenrich.com/optout",""
"DATA-00483","VENDELUX INC","Vendelux","08/17/2026","privacy@vendelux.com","vendelux.com","https://vendelux.com/privacy-center"
"DATA-00484","GRAPH8 INC","GRAPH8 INC","08/17/2026","compliance@graph8.com","https://www.trustsuperset.com/dsrs?orgId=408c45e6-e16c-4fdd-b6ac-876e2e3f9d8f",""
"DATA-00485","TRENDING FAMILY INC","Creator Wizard","08/19/2026","support@creatorwizard.com","https://www.creatorwizard.com/","https://sponsormole.com/"
"DATA-00486","DATARATE LLC","DATARATE LLC","08/19/2026","privacy@datarate.ai","https://datarate.ai/my-privacy-choices","https://datarate.ai/privacy"
"DATA-00487","DATA TO WIN LLC","DATA TO WIN LLC","08/21/2026","","https://www.datatowin.com/do-not-sell-or-share-my-personal-info","https://www.datatowin.com/privacy-requests"
"DATA-00488","SUBGRAPH INC","SUBGRAPH INC","09/01/2026","privacy@subgraph.tech","https://subgraph.tech/privacy-choices",""
"DATA-00489","BUSINESSENTITYSEARCH.COM LLC","Business Registry","09/01/2026","optout@businessregistry.com","businessregistry.com/opt-out",""
"DATA-00491","APPLOVIN CORPORATION","APPLOVIN CORPORATION","09/10/2026","dataprotection@applovin.com","https://max.applovin.com/p/how-applovin-shows-you-ads",""
"DATA-00492","COMMON ROOM INC","COMMON ROOM INC","09/18/2026","support@commonroom.io","https://app.commonroom.io/remove-my-info",""
"DATA-00493","ZOOM COMMUNICATIONS INC","ZOOM COMMUNICATIONS INC","09/18/2026","privacy@zoom.us","https://privacyportal.onetrust.com/webform/65962359-ef0d-4399-9db4-572d06de08aa/f277f9f7-bfee-4233-815e-80e290139bc2",""
"DATA-00494","VICTORY WAVES CO","VICTORY WAVES CO","09/18/2026","info@victorywaves.com","https://www.victorywaves.com/legal/privacy-choices",""
"DATA-00497","DEALMACHINE OPERATIONS INC","DealMachine Operations","09/21/2026","","https://privacyrequest.dealmachine.com/remove",""
